day,plant,sunlight,water_ml,height_cm
1,Basil,full,40,3.0
1,Mint,half,60,2.7
1,Bean,full,40,3.4
1,Fern,shade,40,2.3
2,Basil,full,50,4.4
2,Mint,half,40,3.4
2,Bean,full,60,5.1
2,Fern,shade,40,3.0
3,Basil,full,50,5.1
3,Mint,half,40,4.6
3,Bean,full,50,7.0
3,Fern,shade,40,3.0
4,Basil,full,50,6.5
4,Mint,half,60,5.5
4,Bean,full,50,8.2
4,Fern,shade,60,3.5
5,Basil,full,50,7.5
5,Mint,half,40,5.8
5,Bean,full,50,9.8
5,Fern,shade,60,4.2
6,Basil,full,40,8.8
6,Mint,half,60,6.9
6,Bean,full,50,11.8
6,Fern,shade,60,4.2
7,Basil,full,50,9.8
7,Mint,half,50,7.6
7,Bean,full,40,13.1
7,Fern,shade,40,4.5
8,Basil,full,50,10.9
8,Mint,half,50,8.4
8,Bean,full,60,14.8
8,Fern,shade,50,5.0
9,Basil,full,60,11.7
9,Mint,half,50,9.4
9,Bean,full,60,16.5
9,Fern,shade,50,5.4
10,Basil,full,50,13.1
10,Mint,half,50,10.1
10,Bean,full,40,18.2
10,Fern,shade,40,6.2
11,Basil,full,60,13.9
11,Mint,half,60,10.9
11,Bean,full,40,19.4
11,Fern,shade,40,6.3
12,Basil,full,40,14.9
12,Mint,half,60,11.3
12,Bean,full,50,21.3
12,Fern,shade,50,6.5
13,Basil,full,50,16.2
13,Mint,half,40,12.6
13,Bean,full,50,23.0
13,Fern,shade,60,7.3
14,Basil,full,40,17.3
14,Mint,half,40,13.4
14,Bean,full,50,24.2
14,Fern,shade,50,7.7
15,Basil,full,40,18.4
15,Mint,half,40,13.9
15,Bean,full,50,25.8
15,Fern,shade,50,8.3
16,Basil,full,60,19.4
16,Mint,half,40,14.8
16,Bean,full,40,27.4
16,Fern,shade,40,8.1
17,Basil,full,40,20.8
17,Mint,half,40,15.7
17,Bean,full,60,29.2
17,Fern,shade,40,8.7
18,Basil,full,40,21.6
18,Mint,half,60,16.3
18,Bean,full,50,30.9
18,Fern,shade,40,9.2
19,Basil,full,40,22.9
19,Mint,half,50,16.9
19,Bean,full,50,32.4
19,Fern,shade,60,9.8
20,Basil,full,40,24.0
20,Mint,half,40,17.7
20,Bean,full,50,33.8
20,Fern,shade,40,10.2
21,Basil,full,50,25.3
21,Mint,half,40,18.7
21,Bean,full,50,35.6
21,Fern,shade,60,10.3
