date,city,temp_c,rain_mm,wind_kph
2026-04-01,Leeds,10.8,0.9,17.7
2026-04-01,Seville,24.2,4.0,15.3
2026-04-01,Oslo,8.4,5.3,19.3
2026-04-02,Leeds,11.8,4.8,16.7
2026-04-02,Seville,23.3,0.0,18.3
2026-04-02,Oslo,4.1,2.1,18.4
2026-04-03,Leeds,11.3,5.6,10.7
2026-04-03,Seville,23.9,0.0,22.7
2026-04-03,Oslo,3.9,0.9,25.1
2026-04-04,Leeds,12.7,0.9,16.4
2026-04-04,Seville,21.0,1.1,20.5
2026-04-04,Oslo,8.2,4.0,28.9
2026-04-05,Leeds,13.8,4.8,17.3
2026-04-05,Seville,22.4,3.6,16.1
2026-04-05,Oslo,8.9,5.1,21.1
2026-04-06,Leeds,9.3,0.0,7.9
2026-04-06,Seville,20.8,1.8,15.2
2026-04-06,Oslo,6.8,3.3,15.3
2026-04-07,Leeds,11.7,4.8,11.5
2026-04-07,Seville,22.1,0.0,12.6
2026-04-07,Oslo,7.2,3.9,23.5
2026-04-08,Leeds,14.6,5.6,18.0
2026-04-08,Seville,23.5,1.9,19.5
2026-04-08,Oslo,9.8,3.5,15.0
2026-04-09,Leeds,13.2,4.1,13.4
2026-04-09,Seville,23.6,3.3,16.8
2026-04-09,Oslo,8.0,0.0,8.5
2026-04-10,Leeds,9.6,0.0,26.5
2026-04-10,Seville,23.6,0.0,17.1
2026-04-10,Oslo,10.0,1.5,14.4
2026-04-11,Leeds,14.0,0.5,21.6
2026-04-11,Seville,21.5,0.0,17.1
2026-04-11,Oslo,4.7,1.0,12.6
2026-04-12,Leeds,14.0,7.2,16.9
2026-04-12,Seville,25.2,0.0,15.2
2026-04-12,Oslo,5.8,1.8,7.7
2026-04-13,Leeds,10.8,5.0,13.4
2026-04-13,Seville,22.7,2.3,9.8
2026-04-13,Oslo,8.4,4.7,26.9
2026-04-14,Leeds,11.1,9.8,20.9
2026-04-14,Seville,21.6,8.8,8.2
2026-04-14,Oslo,8.2,3.1,15.2
2026-04-15,Leeds,10.9,0.0,21.2
2026-04-15,Seville,26.5,0.0,18.1
2026-04-15,Oslo,8.1,2.8,17.3
2026-04-16,Leeds,13.1,1.6,12.6
2026-04-16,Seville,23.5,0.0,3.6
2026-04-16,Oslo,7.1,3.4,12.2
2026-04-17,Leeds,14.2,2.8,0.7
2026-04-17,Seville,23.9,1.3,16.3
2026-04-17,Oslo,8.1,4.0,23.7
2026-04-18,Leeds,10.5,2.4,10.1
2026-04-18,Seville,21.1,2.0,21.9
2026-04-18,Oslo,8.4,0.6,17.8
2026-04-19,Leeds,13.1,5.5,12.1
2026-04-19,Seville,26.8,9.8,19.0
2026-04-19,Oslo,10.5,0.0,12.7
2026-04-20,Leeds,13.5,2.9,13.6
2026-04-20,Seville,25.1,0.0,13.5
2026-04-20,Oslo,9.6,1.7,11.8
2026-04-21,Leeds,14.6,0.0,17.3
2026-04-21,Seville,25.2,4.4,18.1
2026-04-21,Oslo,7.6,3.6,11.5
2026-04-22,Leeds,15.5,1.5,5.3
2026-04-22,Seville,26.8,4.4,17.1
2026-04-22,Oslo,9.2,0.7,8.6
2026-04-23,Leeds,11.1,3.5,23.9
2026-04-23,Seville,22.7,3.1,17.6
2026-04-23,Oslo,8.5,1.3,14.6
2026-04-24,Leeds,15.4,0.0,25.6
2026-04-24,Seville,21.8,4.3,12.3
2026-04-24,Oslo,11.6,7.7,13.9
2026-04-25,Leeds,11.5,0.7,19.1
2026-04-25,Seville,26.6,1.3,19.6
2026-04-25,Oslo,6.5,7.2,26.3
2026-04-26,Leeds,16.9,0.0,23.3
2026-04-26,Seville,24.8,0.0,14.1
2026-04-26,Oslo,9.8,2.2,20.4
2026-04-27,Leeds,14.2,3.0,22.1
2026-04-27,Seville,27.8,1.9,15.5
2026-04-27,Oslo,10.9,4.1,16.9
2026-04-28,Leeds,16.3,0.3,12.0
2026-04-28,Seville,22.6,0.1,20.8
2026-04-28,Oslo,11.0,7.2,13.1
2026-04-29,Leeds,16.8,7.6,9.0
2026-04-29,Seville,27.9,1.8,14.4
2026-04-29,Oslo,8.3,2.1,24.5
2026-04-30,Leeds,14.4,0.0,25.9
2026-04-30,Seville,24.9,1.1,20.4
2026-04-30,Oslo,9.3,0.0,9.2
2026-05-01,Leeds,14.2,3.2,21.5
2026-05-01,Seville,24.6,2.3,22.7
2026-05-01,Oslo,7.7,0.9,5.0
2026-05-02,Leeds,12.5,0.1,10.5
2026-05-02,Seville,25.4,0.0,7.6
2026-05-02,Oslo,12.0,1.8,10.2
2026-05-03,Leeds,15.1,1.7,16.2
2026-05-03,Seville,26.2,0.0,17.6
2026-05-03,Oslo,8.8,3.8,7.7
2026-05-04,Leeds,12.6,1.5,9.4
2026-05-04,Seville,26.2,0.9,15.4
2026-05-04,Oslo,12.5,3.6,16.0
2026-05-05,Leeds,13.1,6.6,22.4
2026-05-05,Seville,29.1,0.0,9.3
2026-05-05,Oslo,12.4,0.4,14.9
2026-05-06,Leeds,16.3,0.5,19.3
2026-05-06,Seville,25.1,0.0,17.9
2026-05-06,Oslo,10.9,4.6,8.3
2026-05-07,Leeds,12.4,1.8,13.7
2026-05-07,Seville,26.2,3.5,7.1
2026-05-07,Oslo,12.8,2.1,9.4
2026-05-08,Leeds,13.3,0.0,18.2
2026-05-08,Seville,24.8,0.0,25.1
2026-05-08,Oslo,9.5,0.0,9.8
2026-05-09,Leeds,18.1,3.9,15.7
2026-05-09,Seville,28.2,0.0,12.2
2026-05-09,Oslo,8.4,2.9,23.5
2026-05-10,Leeds,18.1,2.4,19.6
2026-05-10,Seville,27.8,0.0,21.3
2026-05-10,Oslo,13.7,6.4,10.7
2026-05-11,Leeds,15.8,7.1,19.7
2026-05-11,Seville,26.2,0.0,17.2
2026-05-11,Oslo,13.6,0.0,9.6
2026-05-12,Leeds,18.7,4.4,18.3
2026-05-12,Seville,29.3,1.4,3.4
2026-05-12,Oslo,9.0,0.0,11.8
2026-05-13,Leeds,16.3,0.0,1.7
2026-05-13,Seville,25.1,6.0,19.8
2026-05-13,Oslo,11.5,3.7,27.6
2026-05-14,Leeds,14.9,3.7,19.3
2026-05-14,Seville,24.4,0.0,21.8
2026-05-14,Oslo,10.9,2.9,14.5
2026-05-15,Leeds,14.3,4.4,22.2
2026-05-15,Seville,25.5,0.0,7.6
2026-05-15,Oslo,11.8,5.0,4.8
2026-05-16,Leeds,18.9,3.7,20.6
2026-05-16,Seville,30.2,0.0,18.5
2026-05-16,Oslo,11.3,4.5,27.3
2026-05-17,Leeds,17.3,8.4,25.1
2026-05-17,Seville,27.6,0.4,24.6
2026-05-17,Oslo,14.2,1.7,16.0
2026-05-18,Leeds,14.8,5.4,18.1
2026-05-18,Seville,26.5,1.7,11.2
2026-05-18,Oslo,8.7,0.5,15.8
2026-05-19,Leeds,15.6,2.3,19.3
2026-05-19,Seville,28.6,3.2,12.4
2026-05-19,Oslo,12.6,0.0,28.9
2026-05-20,Leeds,17.2,6.9,17.1
2026-05-20,Seville,26.1,1.1,15.4
2026-05-20,Oslo,13.9,1.3,8.6
2026-05-21,Leeds,17.3,1.7,12.3
2026-05-21,Seville,29.2,0.0,1.2
2026-05-21,Oslo,9.4,0.0,11.3
2026-05-22,Leeds,19.2,0.0,22.8
2026-05-22,Seville,30.5,0.0,21.9
2026-05-22,Oslo,14.5,9.9,19.0
2026-05-23,Leeds,16.1,0.0,16.5
2026-05-23,Seville,30.0,0.0,12.6
2026-05-23,Oslo,9.9,6.1,6.1
2026-05-24,Leeds,18.4,2.4,20.3
2026-05-24,Seville,28.1,7.3,21.9
2026-05-24,Oslo,11.8,3.8,13.7
2026-05-25,Leeds,18.4,3.3,5.4
2026-05-25,Seville,28.0,3.7,15.9
2026-05-25,Oslo,11.8,9.6,8.6
2026-05-26,Leeds,20.3,3.8,14.5
2026-05-26,Seville,25.8,0.4,15.9
2026-05-26,Oslo,10.3,0.2,12.8
2026-05-27,Leeds,18.4,0.2,18.8
2026-05-27,Seville,31.5,2.9,28.3
2026-05-27,Oslo,12.9,1.1,11.7
2026-05-28,Leeds,19.3,3.5,12.0
2026-05-28,Seville,28.7,0.0,8.5
2026-05-28,Oslo,14.4,0.4,10.2
2026-05-29,Leeds,19.0,2.5,7.3
2026-05-29,Seville,29.5,0.0,9.0
2026-05-29,Oslo,10.5,0.0,21.7
2026-05-30,Leeds,19.4,5.1,18.6
2026-05-30,Seville,29.6,0.0,14.2
2026-05-30,Oslo,14.0,0.8,6.8
